{
  "display": {
    "icon": {
      "item": "minecraft:golden_horse_armor"
    },
    "title": "Akhal-Teke ",
    "description": "You acquired golden horse armor!",
    "frame": "task",
    "show_toast": true,
    "announce_to_chat": true,
    "hidden": false
  },
  "criteria": {
    "got_gold_horse_armor": {
      "trigger": "minecraft:inventory_changed",
      "conditions": {
        "items": [
          {
            "item": "minecraft:golden_horse_armor",
            "count": {
              "min": 1,
              "max": 1
            }
          }
        ]
      }
    }
  },
  "rewards": {
    "experience": 25
  },
  "parent": "minecraft:husbandry/tame_an_animal"
}