{
  "generator": {
    "type": "minecraft:noise",
    "seed": 0,
    "biome_source": {
      "type": "minecraft:multi_noise",
      "humidity_noise": {
        "firstOctave": -9,
        "amplitudes": [
          1.1,
          1.1
        ]
      },
      "altitude_noise": {
        "firstOctave": -8,
        "amplitudes": [
          1.1,
          1.1
        ]
      },
      "weirdness_noise": {
        "firstOctave": -10,
        "amplitudes": [
          1.1,
          1.1
        ]
      },
      "temperature_noise": {
        "firstOctave": -8,
        "amplitudes": [
          1.1,
          1.1
        ]
      },
      "seed": 0,
      "biomes": [
        {
          "parameters": {
            "altitude": 0.0,
            "weirdness": -0.2,
            "offset": 0.05,
            "temperature": -0.1,
            "humidity": -0.1
          },
          "biome": "derecs_war_torn_biomes:war_torn_plains"
        },
        {
          "parameters": {
            "altitude": 0.0,
            "weirdness": -0.2,
            "offset": 0.05,
            "temperature": -0.1,
            "humidity": -0.1
          },
          "biome": "derecs_war_torn_biomes:war_torn_ice_plains"
        },
        {
          "parameters": {
            "altitude": 0.0,
            "weirdness": -0.2,
            "offset": 0.05,
            "temperature": -0.1,
            "humidity": -0.1
          },
          "biome": "derecs_war_torn_biomes:pillager_land"
        },
        {
          "parameters": {
            "altitude": 0.3,
            "weirdness": -0.3,
            "offset": 0.05,
            "temperature": 0.7,
            "humidity": -0.6
          },
          "biome": "minecraft:badlands"
        },
        {
          "parameters": {
            "altitude": 0.45,
            "weirdness": -0.3,
            "offset": 0.0,
            "temperature": 0.7,
            "humidity": -0.6
          },
          "biome": "minecraft:badlands_plateau"
        },
        {
          "parameters": {
            "altitude": 0.15,
            "weirdness": 0.1,
            "offset": 0.075,
            "temperature": 0.6,
            "humidity": 0.75
          },
          "biome": "minecraft:bamboo_jungle"
        },
        {
          "parameters": {
            "altitude": 0.3,
            "weirdness": 0.1,
            "offset": 0.125,
            "temperature": 0.6,
            "humidity": 0.75
          },
          "biome": "minecraft:bamboo_jungle_hills"
        },
        {
          "parameters": {
            "altitude": 0.05,
            "weirdness": -0.2,
            "offset": 0.2,
            "temperature": -0.1,
            "humidity": -0.1
          },
          "biome": "minecraft:birch_forest"
        },
        {
          "parameters": {
            "altitude": 0.25,
            "weirdness": -0.2,
            "offset": 0.225,
            "temperature": -0.1,
            "humidity": -0.1
          },
          "biome": "minecraft:birch_forest_hills"
        },
        {
          "parameters": {
            "altitude": -0.45,
            "weirdness": -0.2,
            "offset": 0.0,
            "temperature": -0.4,
            "humidity": -0.1
          },
          "biome": "minecraft:cold_ocean"
        },
        {
          "parameters": {
            "altitude": 0.05,
            "weirdness": -0.3,
            "offset": 0.05,
            "temperature": 0.1,
            "humidity": 0.3
          },
          "biome": "minecraft:dark_forest"
        },
        {
          "parameters": {
            "altitude": 0.25,
            "weirdness": -0.3,
            "offset": 0.075,
            "temperature": 0.1,
            "humidity": 0.3
          },
          "biome": "minecraft:dark_forest_hills"
        },
        {
          "parameters": {
            "altitude": -0.6,
            "weirdness": -0.2,
            "offset": 0.0,
            "temperature": -0.4,
            "humidity": -0.1
          },
          "biome": "minecraft:deep_cold_ocean"
        },
        {
          "parameters": {
            "altitude": -0.6,
            "weirdness": -0.2,
            "offset": 0.0,
            "temperature": -0.7,
            "humidity": -0.3
          },
          "biome": "minecraft:deep_frozen_ocean"
        },
        {
          "parameters": {
            "altitude": -0.6,
            "weirdness": -0.2,
            "offset": 0.0,
            "temperature": 0.35,
            "humidity": 0.0
          },
          "biome": "minecraft:deep_lukewarm_ocean"
        },
        {
          "parameters": {
            "altitude": -0.6,
            "weirdness": -0.2,
            "offset": 0.0,
            "temperature": 0.0,
            "humidity": -0.05
          },
          "biome": "minecraft:deep_ocean"
        },
        {
          "parameters": {
            "altitude": -0.6,
            "weirdness": -0.2,
            "offset": 0.0,
            "temperature": 0.6,
            "humidity": 0.1
          },
          "biome": "minecraft:deep_warm_ocean"
        },
        {
          "parameters": {
            "altitude": 0.0,
            "weirdness": -0.2,
            "offset": 0.0,
            "temperature": 0.5,
            "humidity": -0.75
          },
          "biome": "minecraft:desert"
        },
        {
          "parameters": {
            "altitude": 0.2,
            "weirdness": -0.2,
            "offset": 0.025,
            "temperature": 0.5,
            "humidity": -0.75
          },
          "biome": "minecraft:desert_hills"
        },
        {
          "parameters": {
            "altitude": 0.0,
            "weirdness": 0.6,
            "offset": 0.025,
            "temperature": 0.6,
            "humidity": -0.75
          },
          "biome": "minecraft:desert_lakes"
        },
        {
          "parameters": {
            "altitude": 0.5,
            "weirdness": 0.6,
            "offset": 0.025,
            "temperature": 0.8,
            "humidity": -0.7
          },
          "biome": "minecraft:eroded_badlands"
        },
        {
          "parameters": {
            "altitude": 0.1,
            "weirdness": 0.6,
            "offset": 0.075,
            "temperature": 0.05,
            "humidity": 0.25
          },
          "biome": "minecraft:flower_forest"
        },
        {
          "parameters": {
            "altitude": 0.1,
            "weirdness": -0.2,
            "offset": 0.05,
            "temperature": 0.0,
            "humidity": 0.2
          },
          "biome": "minecraft:forest"
        },
        {
          "parameters": {
            "altitude": -0.45,
            "weirdness": -0.2,
            "offset": 0.0,
            "temperature": -0.65,
            "humidity": -0.3
          },
          "biome": "minecraft:frozen_ocean"
        },
        {
          "parameters": {
            "altitude": 0.1,
            "weirdness": -0.3,
            "offset": 0.0,
            "temperature": -0.5,
            "humidity": 0.65
          },
          "biome": "minecraft:giant_spruce_taiga"
        },
        {
          "parameters": {
            "altitude": 0.25,
            "weirdness": -0.3,
            "offset": 0.025,
            "temperature": -0.5,
            "humidity": 0.65
          },
          "biome": "minecraft:giant_spruce_taiga_hills"
        },
        {
          "parameters": {
            "altitude": 0.15,
            "weirdness": 0.6,
            "offset": 0.025,
            "temperature": -0.55,
            "humidity": 0.7
          },
          "biome": "minecraft:giant_tree_taiga"
        },
        {
          "parameters": {
            "altitude": 0.35,
            "weirdness": 0.6,
            "offset": 0.05,
            "temperature": -0.55,
            "humidity": 0.7
          },
          "biome": "minecraft:giant_tree_taiga_hills"
        },
        {
          "parameters": {
            "altitude": 0.7,
            "weirdness": -0.3,
            "offset": 0.025,
            "temperature": -0.2,
            "humidity": 0.3
          },
          "biome": "minecraft:gravelly_mountains"
        },
        {
          "parameters": {
            "altitude": 0.1,
            "weirdness": 0.6,
            "offset": 0.3,
            "temperature": -0.75,
            "humidity": -0.3
          },
          "biome": "minecraft:ice_spikes"
        },
        {
          "parameters": {
            "altitude": 0.1,
            "weirdness": -0.2,
            "offset": 0.0,
            "temperature": 0.55,
            "humidity": 0.75
          },
          "biome": "minecraft:jungle"
        },
        {
          "parameters": {
            "altitude": 0.1,
            "weirdness": -0.3,
            "offset": 0.1,
            "temperature": 0.55,
            "humidity": 0.75
          },
          "biome": "minecraft:jungle_edge"
        },
        {
          "parameters": {
            "altitude": 0.3,
            "weirdness": -0.2,
            "offset": 0.025,
            "temperature": 0.55,
            "humidity": 0.75
          },
          "biome": "minecraft:jungle_hills"
        },
        {
          "parameters": {
            "altitude": -0.45,
            "weirdness": -0.2,
            "offset": 0.0,
            "temperature": 0.35,
            "humidity": 0.0
          },
          "biome": "minecraft:lukewarm_ocean"
        },
        {
          "parameters": {
            "altitude": 0.5,
            "weirdness": 0.6,
            "offset": 0.05,
            "temperature": 0.8,
            "humidity": -0.7
          },
          "biome": "minecraft:modified_badlands_plateau"
        },
        {
          "parameters": {
            "altitude": 0.8,
            "weirdness": -0.2,
            "offset": 0.05,
            "temperature": -0.3,
            "humidity": 0.4
          },
          "biome": "minecraft:modified_gravelly_mountains"
        },
        {
          "parameters": {
            "altitude": 0.25,
            "weirdness": 0.6,
            "offset": 0.025,
            "temperature": 0.6,
            "humidity": 0.8
          },
          "biome": "minecraft:modified_jungle"
        },
        {
          "parameters": {
            "altitude": 0.2,
            "weirdness": 0.65,
            "offset": 0.1,
            "temperature": 0.6,
            "humidity": 0.8
          },
          "biome": "minecraft:modified_jungle_edge"
        },
        {
          "parameters": {
            "altitude": 0.55,
            "weirdness": 0.6,
            "offset": 0.05,
            "temperature": 0.8,
            "humidity": -0.65
          },
          "biome": "minecraft:modified_wooded_badlands_plateau"
        },
        {
          "parameters": {
            "altitude": 0.5,
            "weirdness": -0.2,
            "offset": 0.1,
            "temperature": -0.3,
            "humidity": 0.2
          },
          "biome": "minecraft:mountain_edge"
        },
        {
          "parameters": {
            "altitude": 0.7,
            "weirdness": -0.2,
            "offset": 0.0,
            "temperature": -0.3,
            "humidity": 0.2
          },
          "biome": "minecraft:mountains"
        },
        {
          "parameters": {
            "altitude": -0.75,
            "weirdness": 0.6,
            "offset": 0.0,
            "temperature": 0.2,
            "humidity": 0.4
          },
          "biome": "minecraft:mushroom_fields"
        },
        {
          "parameters": {
            "altitude": -0.45,
            "weirdness": -0.2,
            "offset": 0.0,
            "temperature": 0.0,
            "humidity": -0.05
          },
          "biome": "minecraft:ocean"
        },
        {
          "parameters": {
            "altitude": 0.0,
            "weirdness": -0.2,
            "offset": 0.05,
            "temperature": 0.1,
            "humidity": -0.1
          },
          "biome": "minecraft:plains"
        },
        {
          "parameters": {
            "altitude": 0.15,
            "weirdness": -0.2,
            "offset": 0.0,
            "temperature": 0.6,
            "humidity": -0.5
          },
          "biome": "minecraft:savanna"
        },
        {
          "parameters": {
            "altitude": 0.25,
            "weirdness": -0.2,
            "offset": 0.025,
            "temperature": 0.6,
            "humidity": -0.5
          },
          "biome": "minecraft:savanna_plateau"
        },
        {
          "parameters": {
            "altitude": 0.65,
            "weirdness": 0.6,
            "offset": 0.05,
            "temperature": 0.7,
            "humidity": -0.5
          },
          "biome": "minecraft:shattered_savanna"
        },
        {
          "parameters": {
            "altitude": 0.75,
            "weirdness": 0.6,
            "offset": 0.075,
            "temperature": 0.7,
            "humidity": -0.5
          },
          "biome": "minecraft:shattered_savanna_plateau"
        },
        {
          "parameters": {
            "altitude": 0.45,
            "weirdness": -0.2,
            "offset": 0.025,
            "temperature": -0.7,
            "humidity": -0.4
          },
          "biome": "minecraft:snowy_mountains"
        },
        {
          "parameters": {
            "altitude": 0.1,
            "weirdness": -0.2,
            "offset": 0.0,
            "temperature": -0.6,
            "humidity": 0.1
          },
          "biome": "minecraft:snowy_taiga"
        },
        {
          "parameters": {
            "altitude": 0.25,
            "weirdness": -0.2,
            "offset": 0.025,
            "temperature": -0.6,
            "humidity": 0.1
          },
          "biome": "minecraft:snowy_taiga_hills"
        },
        {
          "parameters": {
            "altitude": 0.2,
            "weirdness": 0.6,
            "offset": 0.025,
            "temperature": -0.7,
            "humidity": 0.1
          },
          "biome": "minecraft:snowy_taiga_mountains"
        },
        {
          "parameters": {
            "altitude": 0.0,
            "weirdness": -0.2,
            "offset": 0.0,
            "temperature": -0.7,
            "humidity": -0.3
          },
          "biome": "minecraft:snowy_tundra"
        },
        {
          "parameters": {
            "altitude": 0.0,
            "weirdness": 0.5,
            "offset": 0.1,
            "temperature": 0.2,
            "humidity": -0.1
          },
          "biome": "minecraft:sunflower_plains"
        },
        {
          "parameters": {
            "altitude": -0.1,
            "weirdness": -0.2,
            "offset": 0.0,
            "temperature": 0.3,
            "humidity": 0.6
          },
          "biome": "minecraft:swamp"
        },
        {
          "parameters": {
            "altitude": 0.0,
            "weirdness": 0.6,
            "offset": 0.025,
            "temperature": 0.4,
            "humidity": 0.6
          },
          "biome": "minecraft:swamp_hills"
        },
        {
          "parameters": {
            "altitude": 0.0,
            "weirdness": -0.2,
            "offset": 0.0,
            "temperature": -0.6,
            "humidity": 0.5
          },
          "biome": "minecraft:taiga"
        },
        {
          "parameters": {
            "altitude": 0.2,
            "weirdness": -0.2,
            "offset": 0.025,
            "temperature": -0.6,
            "humidity": 0.5
          },
          "biome": "minecraft:taiga_hills"
        },
        {
          "parameters": {
            "altitude": 0.2,
            "weirdness": 0.6,
            "offset": 0.025,
            "temperature": -0.6,
            "humidity": 0.5
          },
          "biome": "minecraft:taiga_mountains"
        },
        {
          "parameters": {
            "altitude": 0.15,
            "weirdness": 0.6,
            "offset": 0.225,
            "temperature": -0.1,
            "humidity": -0.1
          },
          "biome": "minecraft:tall_birch_forest"
        },
        {
          "parameters": {
            "altitude": 0.3,
            "weirdness": 0.6,
            "offset": 0.225,
            "temperature": -0.1,
            "humidity": -0.1
          },
          "biome": "minecraft:tall_birch_hills"
        },
        {
          "parameters": {
            "altitude": -0.45,
            "weirdness": -0.2,
            "offset": 0.0,
            "temperature": 0.6,
            "humidity": 0.1
          },
          "biome": "minecraft:warm_ocean"
        },
        {
          "parameters": {
            "altitude": 0.4,
            "weirdness": -0.3,
            "offset": 0.025,
            "temperature": 0.7,
            "humidity": -0.6
          },
          "biome": "minecraft:wooded_badlands_plateau"
        },
        {
          "parameters": {
            "altitude": 0.3,
            "weirdness": -0.2,
            "offset": 0.025,
            "temperature": -0.05,
            "humidity": 0.2
          },
          "biome": "minecraft:wooded_hills"
        },
        {
          "parameters": {
            "altitude": 0.65,
            "weirdness": -0.3,
            "offset": 0.05,
            "temperature": -0.1,
            "humidity": 0.4
          },
          "biome": "minecraft:wooded_mountains"
        }
      ]
    },
    "settings": "minecraft:overworld"
  },
  "type": "minecraft:overworld"
}