{
  "group": "derecs_craftable_horse_armor",
  "type": "minecraft:crafting_shaped",
  "pattern": [
    "  2",
    "345",
    "678"
  ],
  "key": {
    "2": {
      "item": "minecraft:diamond"
    },
    "3": {
      "item": "minecraft:diamond"
    },
    "4": {
      "item": "minecraft:saddle"
    },
    "5": {
      "item": "minecraft:diamond"
    },
    "6": {
      "item": "minecraft:diamond"
    },
    "7": {
      "item": "minecraft:diamond"
    },
    "8": {
      "item": "minecraft:diamond"
    }
  },
  "result": {
    "item": "minecraft:diamond_horse_armor",
    "count": 1
  }
}