{
  "display": {
    "icon": {
      "item": "minecraft:sponge"
    },
    "title": "Who Lives In a Pineapple Under the Sea?",
    "description": "<removed for copyright reasons xd>",
    "frame": "task",
    "show_toast": true,
    "announce_to_chat": true,
    "hidden": false
  },
  "criteria": {
    "got_sponge": {
      "trigger": "minecraft:inventory_changed",
      "conditions": {
        "items": [
          {
            "item": "minecraft:sponge",
            "count": {
              "min": 1,
              "max": 64
            }
          }
        ]
      }
    }
  },
  "rewards": {
    "experience": 30
  },
  "parent": "minecraft:adventure/throw_trident"
}