{
  "display": {
    "icon": {
      "item": "minecraft:saddle"
    },
    "title": "Saddle Up!",
    "description": "Get yourself a saddle",
    "frame": "task",
    "show_toast": true,
    "announce_to_chat": true,
    "hidden": false
  },
  "criteria": {
    "saddle_up": {
      "trigger": "minecraft:inventory_changed",
      "conditions": {
        "items": [
          {
            "item": "minecraft:saddle",
            "count": {
              "min": 1,
              "max": 1
            }
          }
        ]
      }
    }
  },
  "rewards": {
    "experience": 15
  },
  "parent": "minecraft:husbandry/tame_an_animal"
}