{
  "display": {
    "icon": {
      "item": "minecraft:blue_ice"
    },
    "title": "Let it go!",
    "description": "The cold never bothered me anyway",
    "frame": "task",
    "show_toast": true,
    "announce_to_chat": true,
    "hidden": true
  },
  "criteria": {
    "explored_snowy_tundra": {
      "trigger": "minecraft:location",
      "conditions": {
        "biome": "ice_spikes"
      }
    }
  },
  "rewards": {
    "experience": 1
  },
  "parent": "minecraft:adventure/adventuring_time"
}