{
  "display": {
    "icon": {
      "item": "minecraft:red_sand"
    },
    "title": "Arabian Nights",
    "description": "More often than not, are hotter than hot, in a lot of good ways",
    "frame": "task",
    "show_toast": true,
    "announce_to_chat": true,
    "hidden": true
  },
  "criteria": {
    "explored_desert": {
      "trigger": "minecraft:location",
      "conditions": {
        "biome": "desert"
      }
    }
  },
  "rewards": {
    "experience": 1
  },
  "parent": "minecraft:adventure/adventuring_time"
}