{
  "display": {
    "icon": {
      "item": "minecraft:red_mushroom_block"
    },
    "title": "Super Mario Bros",
    "description": "E E E C E G G",
    "frame": "task",
    "show_toast": true,
    "announce_to_chat": true,
    "hidden": true
  },
  "criteria": {
    "explored_mushroom": {
      "trigger": "minecraft:location",
      "conditions": {
        "biome": "mushroom_fields"
      }
    }
  },
  "rewards": {
    "experience": 1
  },
  "parent": "minecraft:adventure/adventuring_time"
}