{
  "display": {
    "icon": {
      "item": "minecraft:snow_block"
    },
    "title": "Explored Snowy Mountain!",
    "description": "So snowy",
    "frame": "task",
    "show_toast": true,
    "announce_to_chat": true,
    "hidden": true
  },
  "criteria": {
    "explored_snowy_mountain": {
      "trigger": "minecraft:location",
      "conditions": {
        "biome": "snowy_mountains"
      }
    }
  },
  "rewards": {
    "experience": 1
  },
  "parent": "minecraft:adventure/adventuring_time"
}