{
  "display": {
    "icon": {
      "item": "minecraft:soul_fire"
    },
    "title": "Soulyard",
    "description": "A realm of bones and ghasts",
    "frame": "task",
    "show_toast": true,
    "announce_to_chat": true,
    "hidden": true
  },
  "criteria": {
    "explored_soul_sand_valley": {
      "trigger": "minecraft:location",
      "conditions": {
        "biome": "soul_sand_valley"
      }
    }
  },
  "rewards": {
    "experience": 1
  },
  "parent": "minecraft:nether/explore_nether"
}