{
  "display": {
    "icon": {
      "item": "minecraft:birch_sapling"
    },
    "title": "Explored Birch Forest!",
    "description": "Thin trees",
    "frame": "task",
    "show_toast": true,
    "announce_to_chat": true,
    "hidden": true
  },
  "criteria": {
    "explored_birch_forest": {
      "trigger": "minecraft:location",
      "conditions": {
        "biome": "birch_forest"
      }
    }
  },
  "rewards": {
    "experience": 1
  },
  "parent": "minecraft:adventure/adventuring_time"
}