{
  "display": {
    "icon": {
      "item": "minecraft:sandstone"
    },
    "title": "Oasis",
    "description": "That should actually be a biome",
    "frame": "task",
    "show_toast": true,
    "announce_to_chat": true,
    "hidden": true
  },
  "criteria": {
    "explored_desert_lakes": {
      "trigger": "minecraft:location",
      "conditions": {
        "biome": "desert_lakes"
      }
    }
  },
  "rewards": {
    "experience": 1
  },
  "parent": "minecraft:adventure/adventuring_time"
}