{
  "display": {
    "icon": {
      "item": "minecraft:bamboo_sapling"
    },
    "title": "Arashiyama",
    "description": "You should check it out sometime",
    "frame": "task",
    "show_toast": true,
    "announce_to_chat": true,
    "hidden": true
  },
  "criteria": {
    "explored_bamboo_jungle": {
      "trigger": "minecraft:location",
      "conditions": {
        "biome": "bamboo_jungle"
      }
    }
  },
  "rewards": {
    "experience": 1
  },
  "parent": "minecraft:adventure/adventuring_time"
}