{
  "display": {
    "icon": {
      "item": "minecraft:warped_nylium"
    },
    "title": "The Corruption",
    "description": "Hope you don't awaken the Eater of s- oh wait wrong game",
    "frame": "task",
    "show_toast": true,
    "announce_to_chat": true,
    "hidden": true
  },
  "criteria": {
    "explored_warped_forest": {
      "trigger": "minecraft:location",
      "conditions": {
        "biome": "warped_forest"
      }
    }
  },
  "rewards": {
    "experience": 1
  },
  "parent": "minecraft:nether/explore_nether"
}