{
  "display": {
    "icon": {
      "item": "minecraft:end_stone_bricks"
    },
    "title": "End Highlands",
    "description": "Have Chorus Trees and End Cities!",
    "frame": "task",
    "show_toast": true,
    "announce_to_chat": true,
    "hidden": true
  },
  "criteria": {
    "explored_end_highlands": {
      "trigger": "minecraft:location",
      "conditions": {
        "biome": "end_highlands"
      }
    }
  },
  "rewards": {
    "experience": 1
  },
  "parent": "minecraft:end/enter_end_gateway"
}