{
  "type": "minecraft:chest",
  "pools": [
    {
      "rolls": {
        "min": 1,
        "max": 5
      },
      "entries": [
        {
          "type": "minecraft:item",
          "name": "minecraft:end_rod",
          "weight": 1,
          "functions": [
            {
              "function": "set_count",
              "count": {
                "min": 9,
                "max": 20
              }
            }
          ]
        }
      ]
    },
    {
      "rolls": {
        "min": 1,
        "max": 4
      },
      "entries": [
        {
          "type": "minecraft:item",
          "name": "minecraft:glowstone",
          "weight": 1,
          "functions": [
            {
              "function": "set_count",
              "count": {
                "min": 7,
                "max": 15
              }
            }
          ]
        }
      ]
    },
    {
      "rolls": {
        "min": 1,
        "max": 3
      },
      "entries": [
        {
          "type": "minecraft:item",
          "name": "minecraft:sea_lantern",
          "weight": 1,
          "functions": [
            {
              "function": "set_count",
              "count": {
                "min": 6,
                "max": 15
              }
            }
          ]
        }
      ]
    },
    {
      "rolls": {
        "min": 1,
        "max": 2
      },
      "entries": [
        {
          "type": "minecraft:item",
          "name": "minecraft:redstone_block",
          "weight": 1,
          "functions": [
            {
              "function": "set_count",
              "count": {
                "min": 3,
                "max": 5
              }
            }
          ]
        }
      ]
    }
  ]
}