{
  "type": "minecraft:chest",
  "pools": [
    {
      "rolls": {
        "min": 5,
        "max": 10
      },
      "entries": [
        {
          "type": "minecraft:item",
          "name": "minecraft:spruce_leaves",
          "weight": 1,
          "functions": [
            {
              "function": "set_count",
              "count": {
                "min": 64,
                "max": 128
              }
            }
          ]
        }
      ]
    },
    {
      "rolls": {
        "min": 5,
        "max": 10
      },
      "entries": [
        {
          "type": "minecraft:item",
          "name": "minecraft:spruce_log",
          "weight": 1,
          "functions": [
            {
              "function": "set_count",
              "count": {
                "min": 20,
                "max": 32
              }
            }
          ]
        }
      ]
    },
    {
      "rolls": {
        "min": 5,
        "max": 10
      },
      "entries": [
        {
          "type": "minecraft:item",
          "name": "minecraft:spruce_sapling",
          "weight": 1,
          "functions": [
            {
              "function": "set_count",
              "count": {
                "min": 1,
                "max": 20
              }
            }
          ]
        }
      ]
    },
    {
      "rolls": {
        "min": 3,
        "max": 5
      },
      "entries": [
        {
          "type": "minecraft:item",
          "name": "minecraft:player_head",
          "weight": 1,
          "functions": [
            {
              "function": "set_count",
              "count": {
                "min": 3,
                "max": 5
              }
            },
			{
				"function": "set_nbt",
				"tag": "{SkullOwner:\"MHF_Present1\"}"
            }
          ]
        },
		{
          "type": "minecraft:item",
          "name": "minecraft:player_head",
          "weight": 1,
          "functions": [
            {
              "function": "set_count",
              "count": {
                "min": 3,
                "max": 5
              }
            },
			{
				"function": "set_nbt",
				"tag": "{SkullOwner:\"MHF_Present2\"}"
            }
          ]
        }
      ]
    }
  ]
}